1,ah.nl,,
2,ahapp.nl,,
3,ahold.nl,,
4,aholddelhaize.be,,
5,aholddelhaize.com,,
6,aholddelhaize.eu,,
7,aholdgroup.com,,
8,aholdholding.nl,,
9,aholdventures.com,,
10,ahzakelijk.nl,,
11,albert.nl,,
12,albertheijn.nl,,
13,albert-heijn.nl,,
14,bol.com,,
15,bol.nl,,
16,delhaize.be,,
17,delhaize.com,,
18,etos.com,,
19,etos.nl,,
20,etosactie.nl,,
21,etosplus.nl,,
22,gall.nl,,
23,gall-en-gall.com,,
24,gallengall.nl,,
25,gallzakelijk.nl,,
26,werkenbijahold.nl,,
27,werkenbijbol.com,,
28,werkenbijbol.nl,,
29,werkenbijetos.nl,,
30,werkenbijgall.nl,,
31,pingodoce.pt,,
32,gallspirits.nl,,
33,gallwine.nl,,
34,gallbestellen.nl,,
35,addelhaize.be,,
36,addelhaize.biz,,
37,addelhaize.eu,,
38,ad-delhaize.eu,,
39,alfa-beta.com,,
40,delhaize-de-leeuw.eu,,
41,delhaizegeschenk.be,,
42,delhaize-geschenk.be,,
43,delhaizegift.be,,
44,delhaize-gift.be,,
45,delhaizegift.com,,
46,delhaize-gift.com,,
47,delhaizegifts.be,,
48,delhaize-gifts.be,,
49,delhaizegifts.com,,
50,delhaize-gifts.com,,
51,delhaizewineworld.be,,
52,delhaize-wineworld.be,,
53,delhaize-wine-world.be,,
54,delhaizewineworld.com,,
55,delhaize-wineworld.com,,
56,delhaize-wine-world.com,,
57,delhaizewineworld.eu,,
58,delhaize-wine-world.eu,,
59,delhaizewineworld.lu,,
60,pluskaart.be,,
61,plus-kaart.be,,
62,pluskaart.eu,,
63,pluspunten.be,,
64,point-plus.lu,,
65,pointsplus.be,,
66,pointsplus.lu,,
67,pointspluspunten.be,,
68,points-plus-punten.be,,
69,promodelhaize.be,,
70,wwwdelhaize.com,,
71,wwwdelhaizegroup.com,,
72,select-bol.nl,,
73,bol-select.nl,,
74,etosvoeding.nl,,
75,etoshuidverzorging.nl,,